id;ref address;query;query lon;query lat;result 1;result 2;result 3;result 4;result 5
1;161 rue de bourgogne, orléans, france;bourhgogne;1.911674;47.900291;rue de bourgogne, orléans, france;rue du faubourg de bourgogne, orléans, france;allée de bourgogne, saran, france;allée de bourgogne, chécy, france;bourgogne, tocane-saint-apre, france
0;9, rue du commandant rivière, paris, france;rivoière;2.308210;48.872667;rue du commandant rivière, paris, france;place théodore rivière, paris, france;rue joseph rivière, courbevoie, france;rue de la rivière, le perreux-sur-marne, france;rue du commandant rivière, suresnes, france
199;21 rue de l'horloge, riom, france;l'hotrloge;3.113710;45.894627;rue de l'horloge, auxerre, france;l'horloge, le bourget-du-lac, france;place de l'horloge, avignon, france;quai de l'horloge, paris, france;rue de l'horloge, perpignan, france
198;8 rue du plan d'agde, montpellier, france;d'ahgde;3.875816;43.608295;route d'agde, toulouse, france;;;;
197;85, rue saint antoine, paris, france;antpoine;2.362690;48.854480;rue saint-antoine, paris, france;rue du faubourg saint-antoine, paris, france;passage antoine carême, france;rue antoine-julien hénard, paris, france;rue antoine vollon, paris, france
196;31 avenue george v, paris, france;george bv;2.300169;48.868751;avenue george v, paris, france;avenue george 5, nice, france;;;
195;93 rue de la victoire, paris, france;victpoire;2.330768;48.874732;rue de la victoire, paris, france;place des victoires, paris, france;place de la victoire, bordeaux, france;place des victoires, asnières-sur-seine, france;allée de la victoire, gennevilliers, france
194;quai la pérouse, saint-laurent-du-var, france;pérpouse;7.183110;43.657037;quai la pérouse, saint-laurent-du-var, france;pérouse, saint-alban-auriolles, france;rue des perouses, rumilly, france;avenue de pérouse, aix-en-provence, france;pérouse, eyzin-pinet, france
193;16 rue de tolbiac, paris, france;tolnbiac;2.374643;48.829833;rue de tolbiac, paris, france;villa tolbiac, paris, france;port de tolbiac, france;pont de tolbiac, paris, france;allée de tolbiac, gagny, france
192;rue intérieure, paris, france;intéroieure;2.325605;48.875994;rue intérieure, paris, france;rue intérieure, coulommiers, france;rue intérieure, arandon, france;rue intérieure, saint-jean-le-centenier, france;place intérieure de l'église, blagnac, france
191;45 rue saint-charles, toulouse, france;saint-vcharles;1.442397;43.610046;rue saint-charles, toulouse, france;saint-charles, perpignan, france;saint-charles, damiatte, france;escalier gare saint-charles, marseille, france;rue saint-charles, castelginest, france
190;37, rue malar, paris, france;mamlar;2.306260;48.859512;rue malar, paris, france;rue malard fauquet, bry-sur-marne, france;ruelle malard, chambourcy, france;rue françois malard, paray-vieille-poste, france;square sud malarme, gouvieux, france
189;22, rue de ribosi domaine des duc, léguevin, france;des diuc;1.257370;43.602535;chemin des ducs, bioule, france;rue des grands ducs, foix, france;boulevard des ducs de biron, villeréal, france;promenade des ducs, lauzun, france;allée des grands ducs, bergerac, france
188;22 rue pairolière, nice, france;pairomlière;7.279059;43.699655;rue pairolière, nice, france;ruelle pairolière, nice, france;;;
187;11, faubourg saint-michel, guérande, france;saint-wmichel;-2.426110;47.327060;rue saint-michel, guérande, france;passage saint-michel, guérande, france;faubourg saint michel, guérande, france;ruelle saint-michel, guérande, france;rue saint-michel, piriac-sur-mer, france
186;16 rue sedaine, paris, france;sedzaine;2.372169;48.855790;;;;;
185;49 cours marc-antoine brillier, vienne, france;brilmlier;4.872950;45.521955;cours brillier, vienne, france;la brillière, sambin, france;la brillière, cloué, france;;
184;7 allée des marettes, bourgoin-jallieu, france;mareyttes;5.277516;45.584829;allée des marettes, bourgoin-jallieu, france;rue des marettes, bourgoin-jallieu, france;les marettes, la roche-de-glun, france;les marettes, mercurol, france;quai des marettes, la roche-de-glun, france
183;17 place de l hôtel de ville, tournus, france;vimlle;4.912382;46.561518;villemouze, paray-sous-briailles, france;villeveny, saint-vincent-en-bresse, france;villeneuve, yssingeaux, france;villermin, saint-usuge, france;villeneuve, étrigny, france
182;place auguste baret, châteauneuf-le-rouge, france;batret;5.567429;43.489238;;;;;
181;11b rue massenet, nice, france;massrenet;7.263890;43.696097;rue massenet, nice, france;avenue massenet, cagnes-sur-mer, france;boulevard massenet, marseille, france;avenue massenet, fréjus, france;impasse massenet, fréjus, france
180;le guiben, camors, france;guinben;-3.009623;47.800180;;;;;
179;2, place saint germain, sully-sur-loire, france;gerwmain;2.367970;47.766520;place saint-germain, sully-sur-loire, france;rue du faubourg saint-germain, sully-sur-loire, france;germaine tillion, nantes, france;cité germain pilon, paris, france;germaine tillion, rezé, france
178;9 avenue du général de gaulle, vélizy-villacoublay, france;gaumlle;2.183762;48.784707;avenue du général de gaulle, vélizy-villacoublay, france;place charles de gaulle, paris, france;avenue charles de gaulle, neuilly-sur-seine, france;place du général de gaulle, viroflay, france;avenue du général de gaulle, versailles, france
177;45/47, rue albert rémy, ris-orangis, france;réwmy;2.407810;48.656729;;;;;
176;2a, route de lyon, brignais, france;lypon;4.771410;45.678094;route de lyon, brignais, france;aéroport lyon saint-exupéry, colombier-saugnieu, france;place carnot, lyon, france;opéra nouvel, lyon, france;rue victor hugo, lyon, france
175;27 rue richer, paris, france;ricjher;2.345057;48.873903;rue richer, france;avenue richerand, paris, france;passerelle richerand, paris, france;richer, argenvilliers, france;allée du richer, attainville, france
174;le jarier d'ancenis - d723, ancenis, france;d7a23;-1.141240;47.377874;;;;;
173;45 espl. du maréchal leclerc, ardres, france;lecmlerc;1.977942;50.852876;esplanade du maréchal leclerc, ardres, france;boulevard du général leclerc, mons-en-barœul, france;rue du maréchal leclerc, hazebrouck, france;rue du général leclerc, rouen, france;rue du général leclerc, franconville, france
172;15 boulevard denys puech, rodez, france;purech;2.577996;44.349699;chemin de fersine, pure, france;;;;
171;10, rue des verriers, lyon, france;verroiers;4.836710;45.743454;chemin des verrières, charbonnières-les-bains, france;verrières, saint-germain-laval, france;verrières, montpont-en-bresse, france;verrières, rosiers-d'égletons, france;route de verrières, courzieu, france
170;113, grande rue de la guillotière, lyon, france;guillpotière;4.848330;45.750990;grande rue de la guillotière, lyon, france;pont de la guillotière, lyon, france;chemin de la guillotière, mornant, france;impasse guillotière, vourles, france;la guillotière, pavezin, france
169;81, rue de rochechouart, paris, france;rochecjhouart;2.346610;48.882205;boulevard de rochechouart, paris, france;rue de rochechouart, paris, france;rue rochechouart, missy-sur-aisne, france;boulevard rochechouart, verneuil-sur-avre, france;avenue rochechouart, fontevraud-l'abbaye, france
168;74 quai des orfèvres, paris, france;orfèbvres;2.341550;48.856828;quai des orfèvres, paris, france;rue des orfèvres, france;allée des orfèvres, courtry, france;rue des orfèvres, marolles-en-brie, france;rue des orfèvres, châteaufort, france
167;5, avenue villermont, nice, france;villetrmont;7.264590;43.708961;avenue villermont, nice, france;traverse villermont, nice, france;rue de villermont, nesles-la-montagne, france;;
166;85 avenue kléber, paris, france;klénber;2.288604;48.864479;avenue kléber, paris, france;impasse kléber, paris, france;avenue kléber, colombes, france;rue kléber, montreuil, france;rue kléber, nanterre, france
165;4 rue jacques manuel, perpignan, france;maniuel;2.895430;42.700403;place manuel de falla, perpignan, france;carrer manuel, perpignan, france;impasse manuel de falla, saint-cyprien, france;rue manuel, narbonne, france;rue manuel de falla, carcassonne, france
164;10 allée des tullistes, écully, france;tulloistes;4.779408;45.775211;allée des tullistes, écully, france;;;;
163;22 rue merigonde, castres, france;merihgonde;2.253731;43.602116;rue merigonde, castres, france;;;;
162;10, route d'etrez, montrevel-en-bresse, france;d'eytrez;5.130130;46.336394;;;;;
160;avenue eugène donadeï, saint-laurent-du-var, france;donzadeï;7.195204;43.659688;avenue eugène donadeï, saint-laurent-du-var, france;;;;
161;12 rue neuve, lyon, france;neiuve;4.835165;45.765107;rue neuve, lyon, france;place neuve saint-jean, lyon, france;chemin de grange neuve, diémoz, france;rue neuve de monplaisir, lyon, france;place neuve, bourg-en-bresse, france
158;6 boulevard du général de gaulle, draveil, france;gaumlle;2.391940;48.687691;boulevard du général de gaulle, draveil, france;avenue du général de gaulle, paray-vieille-poste, france;avenue du général de gaulle, juvisy-sur-orge, france;avenue du général de gaulle, viry-châtillon, france;place charles de gaulle, paris, france
159;17 avenue du bel air, paris, france;bel aoir;2.396977;48.846383;villa du bel air, paris, france;avenue du bel air, paris, france;cour du bel air, paris, france;bel-air, charmentray, france;villa du bel air, saint-denis, france
157;33 rue guersant, paris, france;guerdsant;2.288784;48.881609;rue guersant, paris, france;chemin guersant, paris, france;rue du docteur guersant, dreux, france;rue du docteur guersant, aulnoye-aymeries, france;place du docteur guersant, aulnoye-aymeries, france
156;1 place des marronniers, montbazon, france;marronnniers;0.713464;47.287369;place des marronniers, montbazon, france;rue des marronniers, saint-avertin, france;avenue des marronniers, saint-branchs, france;allée des marronniers, joué-lès-tours, france;rue des marronniers, ballan-miré, france
155;79 rue saint-dominique, paris, france;saint-dpominique;2.308696;48.859562;rue saint-dominique, paris, france;rue saint-dominique, châlons-en-champagne, france;avenue saint-dominique, saint-herblain, france;rue saint-dominique, clermont-ferrand, france;impasse saint-dominique, aumale, france
154;103 rue la boétie, paris, france;boéytie;2.307100;48.871352;rue la boétie, paris, france;allée la boétie, sevran, france;rue de la boétie, mennecy, france;rue etienne de la boetie, eybens, france;rue de la boétie, ormes, france
153;10 rue brochant, paris, france;brocjhant;2.317572;48.888427;;;;;
152;9 place du concert, lille, france;convcert;3.061140;50.642067;rue prosper convert, bourg-en-bresse, france;rue georges convert, pont-d'ain, france;convertigues, montjoire, france;les converts, montigny-sur-chiers, france;sentier convert, lancrans, france
151;28 rue kuhn, strasbourg, france;kujhn;7.737000;48.584983;rue kuhn, strasbourg, france;route du kuhnensand, strasbourg, france;rue jean paul kuhn, sainte-marie-aux-mines, france;rue kuhnenbach, maisonsgoutte, france;
150;place diana, la grande-motte, france;dizana;4.091116;43.556909;;;;;
149;18 rue de paris, charenton-le-pont, france;patris;2.418680;48.818725;patris, saint-émilion, france;rue patris de breuil, maizières-la-grande-paroisse, france;patris, captieux, france;la patrisière, lavardin, france;la patrisière, saint-arnoult, france
148;caillau, vire-sur-lot, france;caimllau;1.101212;44.480223;caillau, vire-sur-lot, france;caillau, saint-christoly-de-blaye, france;caillau, aillas, france;caillauca, flaujagues, france;caillau ruines, faudoas, france
147;52 rue de genève, ferney-voltaire, france;genrève;6.115080;46.252663;avenue de genève, france;rue de genève, ferney-voltaire, france;route de genève, france;route de genève, cessy, france;rue de genève, saint-genis-pouilly, france
146;61, rue des trois frères, paris, france;frètres;2.338220;48.885624;;;;;
145;3212 chemin de tanvol, viriat, france;tanbvol;5.265345;46.239666;carrefour de tanvol, viriat, france;chemin de tanvol, viriat, france;route de tanvol, meillonnas, france;;
144;3 avenue de la république, paris, france;répubmlique;2.367400;48.866747;place de la république, paris, france;avenue de la république, paris, france;place de la république, levallois-perret, france;place de la republique, clichy, france;avenue de la république, aubervilliers, france
143;25, place de bethune, lille, france;betjhune;3.062370;50.632545;rue de béthune, lille, france;place de béthune, lille, france;rue du faubourg de béthune, lille, france;route de béthune, lens, france;rue de béthune, wattrelos, france
142;1 rue pierre brossolette, le plessis-bouchard, france;brosspolette;2.235647;49.001288;rue pierre brossolette, le plessis-bouchard, france;rue pierre brossolette, levallois-perret, france;rue pierre brossolette, eaubonne, france;rue pierre brossolette, taverny, france;rue pierre brossolette, sartrouville, france
140;118 rue véron, alfortville, france;vétron;2.414732;48.807528;;;;;
141;12, quai marc seguin, tournon-sur-rhône, france;segiuin;4.833940;45.068135;quai marc seguin, tournon-sur-rhône, france;place marc seguin, tain-l'hermitage, france;seguin, lignan-de-bordeaux, france;seguin, saint-fortunat-sur-eyrieux, france;seguin, saint-pardon-de-conques, france
138;19 rue georges clemenceau, saint-quay-portrieux, france;clemennceau;-2.829297;48.646713;boulevard georges clemenceau, rennes, france;boulevard clemenceau, saint-brieuc, france;rue clemenceau, étables-sur-mer, france;rue georges clemenceau, nantes, france;avenue georges clemenceau, caen, france
139;route de murs, gordes, france;mutrs;5.202583;43.920245;route de murs, gordes, france;route de murs, venasque, france;rue entre 2 murs, marseille, france;mursares, merlas, france;chemin des murs, vizille, france
137;25 rue jeanne d'arc, saint-quay-portrieux, france;d'zarc;-2.837701;48.654316;boulevard d'arcachon, la teste-de-buch, france;rue d'arcole, le mans, france;rue d'arcole, paris, france;pont d'arcole, paris, france;rue d'archiac, tonnay-charente, france
136;4 boulevard de port-royal, paris, france;port-troyal;2.350901;48.837143;boulevard de port-royal, paris, france;square de port-royal, paris, france;cité de port-royal, paris, france;allée du port royal, montreuil, france;route de port royal, montigny-le-bretonneux, france
135;26, avenue des champs elysées, paris, france;elydsées;2.308550;48.869440;champs-élysées, paris, france;champs elysées, champignelles, france;avenue des elysées, valras-plage, france;;
134;175 grande rue charles de gaulles, nogent-sur-marne, france;gaumlles;2.480569;48.835766;;;;;
133;3 rue charles vii, nogent-sur-marne, france;charles voii;2.485696;48.836777;rue charles viii, amboise, france;place charles viii, tours, france;rue charles viii, langeais, france;allée charles viii, fougères, france;
132;12 rue piliers de tutelle, bordeaux, france;tutrelle;-0.573510;44.841484;chemin de la tutelle, saint-georges-de-didonne, france;chemin de la tutelle, poucharramet, france;chemin de tutelle, castres, france;;
130;12 rue de charonne, paris, france;charponne;2.374430;48.852487;charponnet, allex, france;route des charponnets, sévrier, france;;;
131;41, rue de la rochefoucauld, paris, france;rochefpoucauld;2.334780;48.879830;rue de la rochefoucauld, paris, france;square de la rochefoucauld, paris, france;rue de la rochefoucauld, boulogne-billancourt, france;rue de la rochefoucauld, les lilas, france;allée de la rochefoucauld, clichy-sous-bois, france
129;restaurant, montclus, france;restaiurant;4.441070;44.262907;restaurant, carsan, france;restaurant universitaire, avignon, france;restaurant universitaire, aix-en-provence, france;restaurant le galilée, avenue jean capelle ouest, villeurbanne, france;restaurant universitaire rabelais, poitiers, france
128;12 rue bourgeot, l'haÿ-les-roses, france;bourhgeot;2.336330;48.778666;rue bourgeot, l'haÿ-les-roses, france;place de la bourgeoterie, villeneuve-les-bordes, france;la bourgeottière, courdemanche, france;le bourgeot, mansigné, france;bois bourgeot, saint-léger-des-vignes, france
127;8, rue jean burguet, bordeaux, france;burhguet;-0.578150;44.834440;rue jean burguet, bordeaux, france;burguet, mortagne-sur-sèvre, france;burguet, ganties, france;burguet, gouzens, france;le burguet, bréville, france
126;27, route de saint omer, socx, france;omrer;2.421420;50.934320;rue omer pley, saint-omer, france;route de saint-omer, zegerscappel, france;quai de saint-omer, dunkerque, france;route de saint-omer, west-cappel, france;rue de saint-omer, rexpoëde, france
125;4 rue pierre leroux, paris, france;lerpoux;2.318569;48.850161;pré leproux, le mesnil-sur-blangy, france;rue marc leproux, saint-maurice-des-lions, france;;;
124;43, rue de seine, paris, france;seoine;2.336880;48.855366;rue de seine, paris, france;voie georges pompidou, paris, france;seine en vue, quai georges gorse, boulogne-billancourt, france;rue de seine, boulogne-billancourt, france;impasse de la seine, issy-les-moulineaux, france
123;84 avenue secrétan, paris, france;secrrétan;2.377906;48.878971;avenue secrétan, paris, france;avenue secrétan, dives-sur-mer, france;;;
122;3 rue poissonnière, paris, france;poissonnnière;2.347640;48.868593;rue du faubourg poissonnière, paris, france;boulevard poissonnière, paris, france;rue poissonnière, paris, france;villa poissonnière, paris, france;rue poissonnière, gennevilliers, france
121;177 rue sainte-catherine, bordeaux, france;sainte-czatherine;-0.573466;44.835254;cité dulamon 196 sainte-catherine, bordeaux, france;rue parlement sainte-catherine, bordeaux, france;rue sainte-catherine, bordeaux, france;impasse sainte-catherine, bordeaux, france;sainte-catherine, langoiran, france
120;8, place du marché gayot, strasbourg, france;gauyot;7.753480;48.582757;rue jean paul guyot, mandeure, france;rue guyot, audun-le-roman, france;rue de guyot, maîche, france;cour guyot, marsannay-le-bois, france;rue guyotte, châtillon-sur-seine, france
119;30 avenue victor hugo, les pavillons-sous-bois, france;huhgo;2.514325;48.909539;avenue victor hugo, aubervilliers, france;rue victor hugo, ivry-sur-seine, france;boulevard victor hugo, clichy, france;rue victor hugo, levallois-perret, france;boulevard victor hugo, neuilly-sur-seine, france
118;16, cours de vincennes, paris, france;vincrennes;2.400390;48.847460;cours de vincennes, paris, france;fort de vincennes, paris, france;rue de vincennes, montreuil, france;vincennes, la fontaine-saint-martin, france;boulevard de vincennes, fontenay-sous-bois, france
117;38 avenue de lanessan, champagne-au-mont-d'or, france;lanedssan;4.793149;45.794627;avenue de lanessan, champagne-au-mont-d'or, france;lanessan, cussac-fort-médoc, france;rue de lanessan, guérigny, france;rue lanessan, saint-andré-de-cubzac, france;
116;70 rue vincent raspail, la garde, france;rasqpail;6.009889;43.125379;rue vincent raspail, la garde, france;impasse vincent raspail, la garde, france;place vincent raspail, toulon, france;boulevard raspail, avignon, france;raspaillac, barjac, france
115;2, rue des fantasques, lyon, france;fantadsques;4.837060;45.773803;rue des fantasques, lyon, france;ruelle des fantasques, lyon, france;;;
114;9 place du marché, palavas-les-flots, france;marvché;3.931570;43.528076;place du marché, palavas-les-flots, france;avenue du marché gare, montpellier, france;place du marché aux fleurs, montpellier, france;marché couvert, rue émile grand, albi, france;place du marché, la grande-motte, france
113;24 rue du général leclerc, versailles, france;lecmlerc;2.126446;48.798926;boulevard du général leclerc, nanterre, france;rue du général leclerc, bois-colombes, france;avenue du général leclerc, viroflay, france;rue du général leclerc, franconville, france;avenue du général leclerc, boulogne-billancourt, france
112;23, rue petit bonneveau, poitiers, france;bonnreveau;0.338750;46.578608;bonneveau, vallet, france;bonneveaux, brigueil-le-chantre, france;bonneveau, tuffé, france;bonneveau, villegongis, france;route de bonneveau, brain-sur-allonnes, france
111;6 passage brady, paris, france;brzady;2.355302;48.871239;passage brady, paris, france;rue du pont brady, la villeneuve-bellenoye-et-la-maize, france;;;
110;6 bis allée des muletiers, mordelles, france;muleytiers;-1.851706;48.071982;allée des muletiers, mordelles, france;chemin des muletiers, liré, france;chemin des muletiers, la barre-de-monts, france;chemin des muletiers, turquant, france;rue des muletiers, écretteville-lès-baons, france
109;95 cours du général leclerc, langon, france;lecmlerc;-0.247091;44.552632;cours du général leclerc, langon, france;boulevard du général leclerc, arcachon, france;rue du général leclerc, biscarrosse, france;rue maréchal leclerc, saint-astier, france;rue du général leclerc, la réole, france
108;1 rue orsel, oullins, france;ordsel;4.810194;45.716403;;;;;
107;2 rue eugène carrière, paris, france;carroière;2.332001;48.888596;avenue des carrières, paris, france;place anne-marie carrière, paris, france;rue des carrières d'amérique, paris, france;carrière wellington, arras, france;carrière dorée, orchies, france
105;8 rue abel hovelacque, paris, france;hovelzacque;2.353409;48.833095;rue abel hovelacque, paris, france;rue hovelacque, lille, france;;;
106;8, rue tiphaine, paris, france;tiphzaine;2.295190;48.849181;rue tiphaine, france;rue tiphaine raguenel, saint-erblon, france;rue tiphaine raguenel, tinténiac, france;rue tiphaine raguenel, la vicomté-sur-rance, france;rue tiphaine raguenel, dinan, france
104;19, avenue de narbonne, saint-laurent-de-la-cabrerisse, france;narbponne;2.700300;43.084790;avenue de narbonne, saint-laurent-de-la-cabrerisse, france;narbonne cathedral, narbonne, france;narbonne - ecluse de mandirac, narbonne, france;ancien chemin de narbonne, carcassonne, france;gare de péage narbonne sud, narbonne, france
103;16 rue jean-jacques rousseau, paris, france;rousdseau;2.340874;48.862533;rue jean-jacques rousseau, paris, france;villa jean jacques rousseau, issy-les-moulineaux, france;rue waldeck rousseau, saint-ouen-l'aumône, france;rue jean jacques rousseau, issy-les-moulineaux, france;rue jean jacques rousseau, saint-ouen, france
102;60, rue armand caduc, la réole, france;cafduc;-0.039490;44.581654;;;;;
101;14 rue sauval, paris, france;saubval;2.342530;48.862077;;;;;
100;16, boulevard victor hugo, saint-rémy-de-provence, france;huhgo;4.831500;43.787484;avenue victor hugo, arles, france;avenue victor hugo, lunel, france;avenue victor hugo, valence, france;place victor hugo, marseille, france;rue hugo ely, aix-en-provence, france
99;rue kléber, auch, france;klénber;0.588834;43.649623;rue kléber, auch, france;rue kléber haedens, toulouse, france;avenue kléber, paris, france;avenue kléber, biarritz, france;rue kléber, tarbes, france
98;30, patio des reflets, courbevoie, france;refmlets;2.247560;48.889765;place des reflets, courbevoie, france;reflets-en-seine, boulogne-billancourt, france;impasse des reflets, carnac, france;rue des reflets, sète, france;impasse des reflets des étangs, narbonne, france
97;21 rue du grand pont, rochefort-du-gard, france;ponnt;4.687724;43.974097;pont d'avignon, boulevard de la ligne, avignon, france;pont de l'europe, avignon, france;pont des charrettes, uzès, france;pont édouard daladier, avignon, france;avenue du pont du gard, remoulins, france
96;36, rue de strasbourg, chalon-sur-saône, france;strasnbourg;4.860380;46.779768;rue de strasbourg, chalon-sur-saône, france;boulevard de strasbourg, paris, france;route de strasbourg, caluire-et-cuire, france;cathédrale notre dame de strasbourg, tramway de strasbourg, strasbourg, france;boulevard de strasbourg, dijon, france
95;11 avenue des minimes, toulouse, france;minoimes;1.436810;43.616863;avenue des minimes, toulouse, france;impasse des minimes, toulouse, france;pont des minimes, toulouse, france;boulevard des minimes, toulouse, france;allée des minimes, auzeville-tolosane, france
93;16 le bourg, lurcy, france;boiurg;4.782205;46.062988;le bourg, lurcy, france;au bourg, lurcy, france;route de bourg en bresse, civrieux, france;allée du petit bourg, savigneux, france;bourg st andeol, pierrelatte, france
94;4, rue des faussets, bordeaux, france;fausdsets;-0.570440;44.840761;rue des faussets, bordeaux, france;;;;
91;14 place du grand jardin, vence, france;jarfdin;7.113650;43.721829;jardin mozart, nice, france;jardin françois binon, villefranche-sur-mer, france;place du grand jardin, vence, france;jardins de l'etoile, la gaude, france;jardin de pomone, biot, france
92;33, rue de la plaine des bouchers, strasbourg, france;boucjhers;7.736990;48.569393;rue des bouchers, strasbourg, france;rue des bouchers, lampertheim, france;rue des bouchers, la wantzenau, france;rue des bouchers, quatzenheim, france;rue des bouchers, hœrdt, france
89;27 rue racine, le havre, france;racoine;0.105706;49.490493;rue racine, le havre, france;rue racine, paris, france;place racine, poissy, france;résidence jean racine, caen, france;rue jean racine, caen, france
90;134 espl. le cours, vinon-sur-verdon, france;coiurs;5.812042;43.725863;cours mirabeau, aix-en-provence, france;cours gambetta, aix-en-provence, france;cours julien, marseille, france;cours sextius, aix-en-provence, france;cours belsunce, marseille, france
88;7 rue de jarente, paris, france;jarrente;2.362802;48.855704;;;;;
87;9, rue saint augustin, paris, france;augudstin;2.337300;48.868853;rue saint-augustin, paris, france;quai des grands augustins, paris, france;rue des grands augustins, paris, france;rue augustine variot, malakoff, france;avenue augustin dumont, malakoff, france
86;17, rue du choiseul, paris, france;choidseul;2.335970;48.870168;rue de choiseul, paris, france;passage choiseul, paris, france;place etienne françois choiseul, montigny-le-bretonneux, france;rue horace de choiseul, viry-châtillon, france;square choiseul, le chesnay, france
85;44 rue des tournelles, paris, france;tournrelles;2.367405;48.855815;rue des tournelles, paris, france;rue des tournelles, l'haÿ-les-roses, france;rue des tournelles, yerres, france;impasse des tournelles, courbevoie, france;rue des tournelles, cachan, france
84;5, rue lazare-carnot, sète, france;lazarea-carnot;3.698270;43.402661;rue lazare carnot, sète, france;rue lazare carnot, poussan, france;avenue lazare carnot, toulon, france;impasse lazare carnot, caux, france;boulevard lazare carnot, toulouse, france
83;55 rue du château d'eau, paris, france;d'reau;2.355500;48.872326;route d'eaunes, muret, france;place d'occitanie, eaunes, france;;;
82;38 rue principale, heiligenstein, france;princoipale;7.450493;48.423421;rue principale, heiligenstein, france;rue principale, gertwiller, france;rue principale, goxwiller, france;rue principale, mittelbergheim, france;rue principale, bourgheim, france
81;68 avenue gambetta, paris, france;gambretta;2.402173;48.868859;place gambetta, france;avenue gambetta, paris, france;passage gambetta, paris, france;allées léon gambetta, clichy, france;avenue léon gambetta, montrouge, france
80;137 rue saint-dominique, paris, france;saint-dpominique;2.301721;48.858092;rue saint-dominique, paris, france;rue saint-dominique, châlons-en-champagne, france;avenue saint-dominique, saint-herblain, france;rue saint-dominique, clermont-ferrand, france;impasse saint-dominique, aumale, france
79;rue camille flammarion, carcassonne, france;flammzarion;2.386670;43.208991;place camille flammarion, france;boulevard camille flammarion, marseille, france;rue camille flammarion, bordeaux, france;impasse flammarion, marseille, france;impasse flammarion, avignon, france
78;3 rue sainte-beuve, paris, france;saintea-beuve;2.329907;48.844175;rue sainte-beuve, paris, france;place sainte-beuve, belloy-en-france, france;rue sainte-beuve, pontault-combault, france;rue sainte-beuve, magny-les-hameaux, france;allée sainte-beuve, ozoir-la-ferrière, france
77;30, quai fernand crouan, nantes, france;croiuan;-1.564830;47.207390;lotissement crouan, coray, france;crouanques, taulis, france;les crouans, longueil-sainte-marie, france;rue nicolas crouanson, arles, france;camí de crouanques, taulis, france
76;2, boulevard des écoles, bailly-romainvilliers, france;écomles;2.819270;48.850037;boulevard des écoles, bailly-romainvilliers, france;passage des écoles, chessy, france;passage des écoles, thorigny-sur-marne, france;passage des écoles, lagny-sur-marne, france;rue des écoles, villenoy, france
75;21 rue du maréchal de lattre de tassigny, arcachon, france;tassoigny;-1.172550;44.661350;;;;;
74;41 avenue du général de gaulle, saint-mandé, france;gaumlle;2.417759;48.841561;avenue du général de gaulle, saint-mandé, france;pont charles de gaulle, paris, france;place charles de gaulle, paris, france;avenue du général de gaulle, vincennes, france;avenue du général de gaulle, bagnolet, france
73;188 grand rue, poitiers, france;grand riue;0.345234;46.582820;grand'rue, poitiers, france;grand rue, jaunay-clan, france;grand rue, croutelle, france;grand'rue, strasbourg, france;grande rue de la guillotière, lyon, france
72;70 bis, boulevard auguste blanqui, paris, france;blannqui;2.347690;48.830359;boulevard auguste blanqui, paris, france;rue auguste blanqui, bagnolet, france;rue auguste blanqui, vitry-sur-seine, france;rue auguste blanqui, choisy-le-roi, france;rue blanqui, saint-ouen, france
71;rue du 8 mai 1945, mantes-la-ville, france;19a45;1.718888;48.976123;;;;;
70;120, rue saint-maur, paris, france;sainta-maur;2.375950;48.867470;rue saint-maur, paris, france;passage saint-maur, paris, france;parvis de saint-maur, saint-maur-des-fossés, france;pont du petit parc pont de saint-maur, champigny-sur-marne, france;impasse saint-maur, maisons-alfort, france
69;31 avenue de la bourdonnais, paris, france;bourdponnais;2.298558;48.858896;avenue de la bourdonnais, paris, france;port de la bourdonnais, paris, france;rue des bourdonnais, paris, france;square bertrand mahé de la bourdonnais, ormesson-sur-marne, france;rue des bourdonnais, versailles, france
68;4, rue eugène giraud, valbonne, france;girzaud;7.009440;43.641481;impasse de la giraudière, valbonne, france;avenue henri giraud, fréjus, france;avenue commandant giraud, antibes, france;boulevard jean giraud, peymeinade, france;rue roger giraud, toulon, france
67;chemin des planchettes, pierrelatte, france;plancjhettes;4.713058;44.360560;chemin des planchettes, pierrelatte, france;planchettes, saint-paul-trois-châteaux, france;rue des planchettes, saint-flour, france;les planchettes sud, saint-agrève, france;les planchettes nord, saint-agrève, france
66;7 avenue gambetta, paris, france;gambretta;2.389305;48.863523;place gambetta, france;avenue gambetta, paris, france;passage gambetta, paris, france;allées léon gambetta, clichy, france;avenue léon gambetta, montrouge, france
65;3, rue jean-pierre timbaud, montigny-le-bretonneux, france;timnbaud;2.036630;48.792491;rue jean pierre timbaud, montigny-le-bretonneux, france;rue jean-pierre timbaud, france;rond-point pierre timbaud, gennevilliers, france;avenue jean pierre timbaud, trappes, france;rue jean pierre timbaud, saint-cyr-l'école, france
64;39, rue saint jean, lyon, france;jezan;4.827450;45.761330;quai jean moulin, lyon, france;rue jean fabre, lyon, france;place jean jaurès, lyon, france;avenue jean jaurès, lyon, france;rue saint-jean, france
63;121 rue de vaugirard, paris, france;vaugoirard;2.318773;48.844611;rue de vaugirard, paris, france;boulevard de vaugirard, paris, france;rue de vaugirard, noisy-le-grand, france;rue de vaugirard, meudon, france;route de vaugirard, meudon, france
61;1, rue de billancourt, boulogne-billancourt, france;billanncourt;2.234540;48.844640;rue de billancourt, boulogne-billancourt, france;pont de billancourt, boulogne-billancourt, france;allée de billancourt, issy-les-moulineaux, france;rue des billancourtois, palaiseau, france;rue de billancourt, marché-allouarde, france
62;154 boulevard haussmann, paris, france;hausdsmann;2.311272;48.875653;boulevard haussmann, paris, france;haussmann, avenue du président wilson, cachan, france;villa haussmann, issy-les-moulineaux, france;rue louis haussmann, versailles, france;rue georges haussmann, guyancourt, france
59;35 rue mauconseil, paris, france;mauconnseil;2.346856;48.864018;rue mauconseil, paris, france;rue mauconseil, fontenay-sous-bois, france;rue mauconseil, gometz-le-châtel, france;place mauconseil, senlis, france;rue mauconseil, senlis, france
60;11, rue de saint-julien, saint-julien-beychevelle, france;saint-kjulien;-0.740580;45.165022;rue de saint-julien, saint-julien-beychevelle, france;saint julien de l'escap, saint-julien-de-l'escap, france;rue saint-julien, saint-laurent-médoc, france;impasse saint-julien, bordeaux, france;saint-julien, barsac, france
58;13 rue pierre bray, neuilly-sous-clermont, france;brzay;2.428692;49.348654;brizay, marigny-brizay, france;le haut brizay, brizay, france;rue de brizay, marigny-brizay, france;;
57;2 avenue honoré serres, toulouse, france;sertres;1.438750;43.611974;;;;;
56;10 place grenette, grenoble, france;grenrette;5.727130;45.190928;place grenette, grenoble, france;rue de la grenette, chambéry, france;rue grenette, lyon, france;chemin des grenettes, saint-hilaire, france;rue grenette, voiron, france
55;13 rue lamartine, paris, france;lamatrtine;2.342159;48.876504;rue lamartine, paris, france;avenue lamartine, asnières-sur-seine, france;rue lamartine, villemomble, france;rue lamartine, drancy, france;square lamartine, paris, france
54;allée loïc caradec, vannes, france;carzadec;-2.762208;47.636113;allée loïc caradec, vannes, france;caradec, treffléan, france;caradec, guégon, france;rue jean michel caradec, muzillac, france;rue de caradec, josselin, france
53;524 chemin du praz, les contamines-montjoie, france;przaz;6.724499;45.802137;;;;;
52;29, rue remparts d'ainay, lyon, france;d'aoinay;4.831120;45.752734;place d'ainay, lyon, france;;;;
51;39 rue saint-jean, laon, france;sainta-jean;3.617545;49.564316;rue saint-jean, laon, france;boulevard saint-jean, beauvais, france;rue saint-jean, douai, france;saint-jean d'asnières, asnieres, france;petite rue saint-jean, arras, france
50;87 rue jean de la fontaine, sainte-savine, france;fontzaine;4.044541;48.299139;impasse la fontaine, sainte-savine, france;rue jean de la fontaine, sainte-savine, france;fontaine nagot, la rivière-de-corps, france;fontaine, lusigny-sur-barse, france;quai la fontaine, troyes, france
49;80 avenue gambetta, maisons-alfort, france;gambretta;2.444395;48.809826;avenue gambetta, maisons-alfort, france;place gambetta, france;avenue gambetta, paris, france;passage gambetta, paris, france;avenue gambetta, vitry-sur-seine, france
47;17, rue roger bouvry, seclin, france;boubvry;3.028940;50.549062;bouvry, saint-aubin-de-scellon, france;le bouvry, gauciel, france;rue bouvry hachette, verzy, france;;
48;72, quai de l'hôtel de ville, paris, france;vimlle;2.354630;48.854510;villemin, paris, france;ville des lilas boulevard du général leclerc de hauteclocque, les lilas, france;boulevard de la villette, paris, france;rue de la villette, paris, france;rue villehardouin, paris, france
46;zac les terrages, viry-noureuil, france;terrzages;3.252398;49.639016;zone d'aménagement concerté les terrages, viry-noureuil, france;les terrages, viry-noureuil, france;les terrages, vassens, france;les terrages, prosnes, france;rue des terrages, bussy-lettrée, france
45;95 boulevard longchamp, marseille, france;longvchamp;5.390753;43.302863;boulevard longchamp, marseille, france;longchamp, colombier-le-vieux, france;petite avenue de longchamp, nantes, france;rue docteur longchamp, toulon, france;square des jardins de longchamp, nantes, france
43;18, grande rue, marly-le-roi, france;grande riue;2.094880;48.866620;grande roue, semur-en-auxois, france;la grande roue, saint-valérien, france;la grande roue, villefranche, france;la grande roue, mouliherne, france;la grande roue, charnizay, france
44;6 rue de la sourdière, paris, france;sourfdière;2.331855;48.865368;rue de la sourdière, paris, france;chemin de la sourdière à la prairie, bruyères-le-châtel, france;la sourdière, gémages, france;la sourdière, saint-lubin-en-vergonnois, france;la haute sourdière, champfrémont, france
42;29, bd kennedy, cagnes-sur-mer, france;kennnedy;7.152030;43.651250;boulevard j f kennedy, cagnes-sur-mer, france;boulevard j. f. kennedy, antibes, france;boulevard john kennedy, draguignan, france;corniche président john fitzgerald kennedy, marseille, france;avenue kennedy, nîmes, france
41;1 rue de billancourt, boulogne-billancourt, france;billanncourt;2.234618;48.844539;rue de billancourt, boulogne-billancourt, france;pont de billancourt, boulogne-billancourt, france;allée de billancourt, issy-les-moulineaux, france;rue des billancourtois, palaiseau, france;rue de billancourt, marché-allouarde, france
40;99 avenue de stalingrad, arles, france;stalinngrad;4.637263;43.690660;avenue de stalingrad, arles, france;square stalingrad, marseille, france;rue de stalingrad, grenoble, france;boulevard de stalingrad, villeurbanne, france;place de stalingrad, bordeaux, france
39;85 rue de la monnaie, lille, france;monnnaie;3.061677;50.641625;rue de la monnaie, lille, france;rue de la monnaie, france;monnaie, ciral, france;rue de la monnaie, nesle, france;rue tour la monnaie, clermont-ferrand, france
38;65 avenue paul vaillant couturier, arcueil, france;coutiurier;2.345045;48.799253;boulevard paul vaillant couturier, ivry-sur-seine, france;avenue paul vaillant couturier, vitry-sur-seine, france;rue paul vaillant couturier, levallois-perret, france;rue paul vaillant couturier, argenteuil, france;avenue paul vaillant-couturier, trappes, france
37;15 rue de wattignies, paris, france;wattihgnies;2.393377;48.836701;rue de wattignies, paris, france;impasse de wattignies, paris, france;rue de wattignies, sallaumines, france;rue de wattignies, faches-thumesnil, france;résidence wattignies, maubeuge, france
36;125 route du verdon, arsac, france;verfdon;-0.739349;44.982473;route du verdon, arsac, france;verdon, trigance, france;barrage du verdon, la tessoualle, france;chez verdon, baignes-sainte-radegonde, france;verdon, bréal-sous-vitré, france
35;34 route de port d'alon, saint-cyr-sur-mer, france;d'amlon;5.715149;43.165857;rue du damlon, vernon, france;;;;
34;10 rue chef de ville, la rochelle, france;vimlle;-1.154366;46.158381;rue villeneuve, la rochelle, france;villemaurine-sud, saint-émilion, france;villeneuve, guérande, france;villeneuve, les sorinières, france;villeneuve, la flotte, france
33;6 rue de la salle, saint-germain-en-laye, france;samlle;2.093000;48.897019;;;;;
32;ferme auberge de treh, markstein, kruth, france;markdstein;6.965551;47.930882;markstein, oderen, france;markstein, mommenheim, france;rue du markstein, linthal, france;rue du markstein, wittenheim, france;rue du markstein, willer-sur-thur, france
31;484 avenue de la république, la roquette-sur-siagne, france;répubmlique;6.950803;43.577756;avenue de la république, la roquette-sur-siagne, france;boulevard de la republique, cannes, france;avenue de la république, nice, france;boulevard de la république, le cannet, france;avenue de la république, mandelieu-la-napoule, france
30;64 rue de gand, lille, france;gannd;3.067950;50.642949;rue de gand, lille, france;rue gandhi, lille, france;rue de gand, tourcoing, france;rue gandhi, ronchin, france;quai de gand, roubaix, france
29;42 rue des acacias, paris, france;acavcias;2.292746;48.877210;rue des acacias, paris, france;passage des acacias, france;avenue des acacias, asnières-sur-seine, france;allée des acacias, saint-maurice, france;avenue des acacias, paris, france
28;123 rue oberkampf, paris, france;oberlkampf;2.379075;48.866187;rue oberkampf, paris, france;rue oberkampf, jouy-en-josas, france;rue oberkampf, corbeil-essonnes, france;rue oberkampf, saint-quentin, france;rue oberkampf, hulluch, france
27;9 rue de crussol, paris, france;crudssol;2.367592;48.864201;cité de crussol, france;rue de crussol, paris, france;impasse crussol, lainville-en-vexin, france;crussol nord, pont-saint-esprit, france;rue de crussol, saint-péray, france
26;4 chemin des pierres de moulin, le rouret, france;moumlin;7.005983;43.674974;moulin de brun, grasse, france;passage des moulins, le rouret, france;rond-point du moulin de brun, grasse, france;chemin du moulin de brun, grasse, france;moulin de ribaute, duilhac-sous-peyrepertuse, france
25;13 rue royale, annecy, france;royzale;6.122944;45.899843;rue royale, annecy, france;rue royale, lyon, france;route royale, aix-les-bains, france;route royale, viviers-du-lac, france;route royale, challes-les-eaux, france
24;8, boulevard du maréchal joffre, rueil-malmaison, france;jofgfre;2.183310;48.879443;boulevard du maréchal joffre, rueil-malmaison, france;avenue du maréchal joffre, nanterre, france;place joffre, paris, france;place joffre, saint-cloud, france;avenue joffre, la garenne-colombes, france
23;1 rue legrand, malakoff, france;legtrand;2.303989;48.824223;rue legrand, malakoff, france;passage legrand, boulogne-billancourt, france;rue legrand, paris, france;rue legrand, fontenay-sous-bois, france;impasse legrand, fontenay-sous-bois, france
22;10, rue rougemont, paris, france;rougremont;2.346070;48.871810;rue rougemont, paris, france;cité rougemont, paris, france;rue de rougemont, sevran, france;sentier de rougemont, sevran, france;rougemont, coulombs, france
21;col de l'encrenaz, la côte-d'arbroz, france;l'enctrenaz;6.630082;46.171496;;;;;
20;1 rue jean bologne, paris, france;bolpogne;2.279828;48.856518;rue jean bologne, paris, france;square jean bologne, roissy-en-brie, france;bologne, arandon, france;rue jean de bologne, douai, france;rue de bologne, cholet, france
19;18, rue du faubourg-de-saverne, strasbourg, france;faubourg-fde-saverne;7.740020;48.585670;rue du faubourg-de-saverne, strasbourg, france;;;;
18;62, rue pergolèse, paris, france;pergpolèse;2.281070;48.873259;rue pergolèse, paris, france;rue pergolese, vitry-sur-seine, france;square pergolese, le chesnay, france;impasse pergolese, salbris, france;
17;66 rue de bonnel, lyon, france;bonnnel;4.849948;45.761800;rue de bonnel, lyon, france;bonnelières, empurany, france;rue de bonnel, châtillon-la-palud, france;bonnel, saint-merd-de-lapleau, france;bonnel, plaisance, france
16;48 rue monsieur le prince, paris, france;prinnce;2.340148;48.848384;rue princesse, paris, france;rue monsieur le prince, paris, france;avenue du parc des princes, france;rue des princes, boulogne-billancourt, france;avenue de la princesse, le vésinet, france
15;11, rue de la devise, bordeaux, france;devoise;-0.571050;44.839950;;;;;
14;3, rue raymond grimaud, blagnac, france;griwmaud;1.375250;43.638516;rue raymond grimaud, blagnac, france;place raymond grimaud, toulouse, france;gratuit -p.a. grimaud, marmande, france;grimaudière, la chapelle-sur-erdre, france;grimaudenque, lamillarié, france
13;29, route de banyuls, portvendres, france;banuyuls;3.109480;42.513012;route de banyuls, port-vendres, france;résidence les hauts de banyuls iii, banyuls-sur-mer, france;résidence les hauts de banyuls ii, banyuls-sur-mer, france;résidence les hauts de banyuls, banyuls-sur-mer, france;route du col de banyuls, banyuls-sur-mer, france
12;6 allée megevie, gradignan, france;megrevie;-0.640658;44.774377;;;;;
11;17 rue barbès, ivry-sur-seine, france;barnbès;2.372631;48.817335;boulevard barbès, paris, france;rue barbès, ivry-sur-seine, france;villa barbès, saint-maur-des-fossés, france;avenue barbès, saint-maur-des-fossés, france;rue barbès, issy-les-moulineaux, france
10;25 avenue de villeneuve saint-georges, choisy-le-roi, france;saint-hgeorges;2.415852;48.765226;avenue de villeneuve saint-georges, choisy-le-roi, france;chemin de villeneuve saint-georges, alfortville, france;roc de la croix saint-georges, bussy-saint-georges, france;villa saint-georges, villeneuve-le-roi, france;place saint georges, paris, france
9;51, rue du général de gaulle, kirchheim, france;gaumlle;7.494410;48.607692;rue du gén de gaulle, kirchheim, france;rue du général de gaulle, marlenheim, france;rue du général de gaulle, wasselonne, france;avenue du général de gaulle, molsheim, france;rue du général de gaulle, breuschwickersheim, france
7;boulevard des pyrénées, oloron-sainte-marie, france;pyrénnées;-0.620260;43.190910;boulevard des pyrénées, oloron-sainte-marie, france;impasse pierre pyrénées, estos, france;avenue des pyrénées, estos, france;boulevard des pyrénées, pau, france;rue des pyrénées, verdets, france
8;1 avenue de l'industrie, rebais, france;l'indiustrie;3.239489;48.850699;rue de l'industrie, nantes, france;rue de l'industrie, paris, france;rue de l'industrie, châlons-en-champagne, france;passage de l'industrie, paris, france;rue de l'industrie, rueil-malmaison, france
6;75 av. des champs-élysées, paris, france;champs-rélysées;2.303064;48.870814;champs-élysées, paris, france;rond-point des champs-elysées, paris, france;champs elysees, avenue des champs-élysées, paris, france;port des champs-élysées, france;rond-point des champs elysées-marcel dassault, paris, france
5;9 rue henri drussy, blois, france;drudssy;1.336093;47.586841;rue henri drussy, blois, france;;;;
4;7, route du pontel, jouars-pontchartrain, france;ponytel;1.899610;48.802833;;;;;
3;442 rue de lille, roncq, france;limlle;3.122048;50.767245;rue de lille, halluin, france;rue alain de lille, lille, france;rue de lille, tourcoing, france;rue nationale, lille, france;rue marceau hellemmes, lille, france
2;17 rue pierre bouvier, fontaines-sur-saône, france;boubvier;4.848501;45.834338;rue pierre bouvier, fontaines-sur-saône, france;rue sœur bouvier, lyon, france;chemin de la bouvière, saint-germain-au-mont-d'or, france;impasse du bouvier, chaponost, france;bouvier, châteauneuf-de-vernoux, france
